{
    "r2": 0.4975977224876177,
    "mae": 3.4099949593754064
}